{"H_cur_dur_max": 12, "gender": "F", "Rampdown_speed_mean": 0.15384615384615385, "start_time": "2016-10-09 10:32:51", "min": 0.756987912556032, "max": 6.0645433871247185, "H": 2.9630808143751923, "imin": 2, "H_dur_total": 42, "L": 1.6547862815544288, "Rampup_speed_mean": 0.08823529411764705, "code": "001", "Achievement": 0, "H_dur_total_ratio": 20.192307692307693, "count_H_Att": 13, "age": 30.0, "H_dur_mean": 3, "imax": 206}