{"H_cur_dur_max": 10, "gender": "M", "Rampdown_speed_mean": 0.25925925925925924, "start_time": "2016-10-09 12:00:03", "min": 0.8125148996532696, "max": 8.330620688239172, "H": 4.1209795787819505, "imin": 188, "H_dur_total": 39, "L": 0.89438730621154949, "Rampup_speed_mean": 0.1951219512195122, "code": "123", "Achievement": 0, "H_dur_total_ratio": 20.207253886010363, "count_H_Att": 12, "age": 11.0, "H_dur_mean": 3, "imax": 85}